REQ END,01,00000,00412
REQ END,02,00001,00436
REQ END,03,00001,00461
REQ END,04,00001,00542
REQ END,06,00002,00593
REQ END,05,00002,00707
REQ END,11,00004,00741
REQ END,10,00003,00762
REQ END,22,00007,00923
REQ END,23,00007,00961
REQ END,24,00008,00981
REQ END,25,00012,01003
REQ END,27,00013,01028
REQ END,26,00012,01048
REQ END,28,00013,01105
REQ END,30,00014,01151
REQ END,31,00014,01183
REQ END,32,00015,01204
REQ END,33,00015,01251
REQ END,35,00016,01342
REQ END,34,00015,01372
REQ END,38,00017,01400
REQ END,37,00016,01427
REQ END,40,00017,01460
REQ END,39,00017,01503
REQ END,16,00005,01636
REQ END,18,00006,01663
REQ END,13,00004,01682
REQ END,17,00006,01703
REQ END,21,00007,01722
REQ END,19,00006,01742
REQ END,20,00007,01761
REQ END,36,00016,01812
REQ END,15,00005,01915
REQ END,14,00005,01946
REQ END,07,00002,01969
REQ END,09,00003,01988
REQ END,29,00013,02007
REQ END,08,00003,02026
REQ END,12,00004,02045
