REQ END,04,00105,00737
REQ END,01,00038,00737
REQ END,02,00066,00737
REQ END,03,00083,00737
REQ END,05,00124,00737
REQ END,06,00147,00738
REQ END,07,00163,00738
REQ END,08,00181,00812
REQ END,10,00205,00875
REQ END,09,00193,00903
REQ END,11,00216,00906
REQ END,12,00229,00950
REQ END,14,00252,00988
REQ END,13,00240,00999
REQ END,15,00264,01033
REQ END,16,00277,01037
REQ END,17,00289,01102
REQ END,18,00308,01104
REQ END,19,00320,01120
REQ END,20,00340,01135
REQ END,21,00358,01146
REQ END,22,00377,01188
REQ END,23,00390,01234
REQ END,24,00418,01237
REQ END,25,00453,01255
REQ END,26,00473,01300
REQ END,27,00498,01373
REQ END,28,00539,01453
REQ END,29,00566,01499
REQ END,30,00581,01595
REQ END,35,00652,01605
REQ END,31,00593,01607
REQ END,33,00627,01613
REQ END,32,00615,01621
REQ END,36,00664,01630
REQ END,34,00641,01631
REQ END,37,00676,01640
REQ END,39,00702,01642
REQ END,38,00689,01651
REQ END,40,00731,01667